domain,count
irqs.ioam.de,13
rtb0.doubleverify.com,6
s79.mxcdn.net,2
c.amazon-adsystem.com,23
adstax-cdn.adrtx.net,2
u.openx.net,13
googleads.g.doubleclick.net,55
b1sync.zemanta.com,12
buyer.dspx.tv,5
adservice.google.com,46
servedby.flashtalking.com,1
dmp.nativendo.de,6
static.emsservice.de,3
www.googletagservices.com,38
ad.360yield.com,17
ad.doubleclick.net,11
dsum-sec.casalemedia.com,29
securepubads.g.doubleclick.net,38
cdn.doubleverify.com,9
weblications.guj.de,2
orbidder.otto.de,23
bidder.criteo.com,23
te.technical-service.net,3
ups.analytics.yahoo.com,21
www.facebook.com,40
tpc.googlesyndication.com,34
eu-u.openx.net,17
cdn.opecloud.com,3
cs.emxdgt.com,7
s.amazon-adsystem.com,18
9861425.fls.doubleclick.net,1
red.vtracy.de,2
odr.mookie1.com,5
tps.doubleverify.com,7
acdn.adnxs.com,18
ib.adnxs.com,39
tagger.opecloud.com,2
fonts.googleapis.com,36
s385.mxcdn.net,6
us-u.openx.net,20
ads.revjet.com,5
adalliance.profiles.tagger.opecloud.com,2
mafo.adalliance.io,2
d9804c8dae90d35ddab55d14a2a672d8.safeframe.googlesyndication.com,1
js-sec.indexww.com,14
pixel.adsafeprotected.com,7
b38a0e06.de.ioam.de,1
gum.criteo.com,27
dpm.demdex.net,17
unpkg.com,10
pixel.quantserve.com,19
ups.xplosion.de,20
www.google-analytics.com,75
match.adsrvr.org,33
r.casalemedia.com,15
s.company-target.com,5
eus.rubiconproject.com,17
sync.mathtag.com,23
ads.pubmatic.com,19
pr-bh.ybp.yahoo.com,16
static.adsafeprotected.com,7
secure.flashtalking.com,1
connect.facebook.net,41
rtb.gumgum.com,5
secure.adnxs.com,23
ad.yieldlab.net,33
bls.adalliance.io,2
x.bidswitch.net,24
adservice.google.de,43
static.criteo.net,26
cdn.flashtalking.com,1
pre.ads.justpremium.com,8
c1.adform.net,26
media.admob.com,2
zipservice.adalliance.io,3
pagead2.googlesyndication.com,39
ssum-sec.casalemedia.com,19
native.emsservice.de,2
cm.g.doubleclick.net,42
tag.device9.com,1
dsp.adfarm1.adition.com,15
fonts.gstatic.com,36
aax-eu.amazon-adsystem.com,17
ad.turn.com,11
cdn.xplosion.de,16
www.google.com,78
dyn.emetriq.de,7
traffic.emsservice.de,3
rtbc-eu3.doubleverify.com,5
script.ioam.de,39
www.googletagmanager.com,86
csync.loopme.me,7
,15
vars.hotjar.com,7
ampcid.google.de,6
criteo-sync.teads.tv,4
a.twiago.com,5
stats.g.doubleclick.net,54
c.bing.com,12
img.sixt.com,1
www.google.de,56
web-api.orange.sixt.com,1
s.pinimg.com,10
eum-eu-west-1.instana.io,1
cdn3.optimizely.com,2
b.clarity.ms,8
visitor.omnitagjs.com,4
sync-t1.taboola.com,4
a8220014372.cdn.optimizely.com,1
script.hotjar.com,8
www.sixt.com,1
cdn.exactag.com,1
avsystem.sixt.io,1
cm.adform.net,4
www.googleadservices.com,29
sc-static.net,2
eb2.3lift.com,13
dis.criteo.com,16
cdn.stickyadstv.com,3
c.clarity.ms,7
jssdkcdns.mparticle.com,1
exchange.mediavine.com,4
cdn.sixt.io,1
tr.snapchat.com,1
ampcid.google.com,6
match.sharethrough.com,8
ads.stickyadstv.com,6
eum.instana.io,1
www.dwin1.com,8
ads.yahoo.com,10
ih.adscale.de,14
matching.ivitrack.com,3
9967644.fls.doubleclick.net,1
hst.tradedoubler.com,1
sync-criteo.ads.yieldmo.com,3
ct.pinterest.com,9
sslwidget.criteo.com,5
contextual.media.net,6
uct.service.usercentrics.eu,12
static.hotjar.com,8
app.usercentrics.eu,24
t.contentsquare.net,2
graphql.usercentrics.eu,24
imagesrv.adition.com,13
www.clarity.ms,9
10356724.fls.doubleclick.net,1
sync.outbrain.com,6
bat.bing.com,20
c.contentsquare.net,1
api.usercentrics.eu,24
m.exactag.com,6
tags.tiqcdn.com,6
cotads.adscale.de,3
pixel.rubiconproject.com,17
simage2.pubmatic.com,16
identity.mparticle.com,1
rtb-csync.smartadserver.com,14
logx.optimizely.com,4
s.uicdn.com,1
dmp.theadex.com,9
t.uimserv.net,3
d.c.cdnsrv.de,1
api.theadex.com,11
pix.revjet.com,4
35ax3z5b4g.kameleoon.eu,1
cdn.consentmanager.mgr.consensu.org,5
oe.wwa.wipe.de,1
wipe.de,1
c.delivery.consentmanager.net,2
oe-static.de,1
oertliche.h5v.eu,1
cdn.consentmanager.net,11
confiant-integrations.global.ssl.fastly.net,8
delivery.consentmanager.net,8
siteimproveanalytics.com,4
26776.global.siteimproveanalytics.io,1
consent.cookiebot.eu,1
consentcdn.cookiebot.eu,1
playerservice.cdn.tv1.eu,1
analytics.tv1.eu,1
5ef89e31cea6bdc5897bfe68b5a4c614.safeframe.googlesyndication.com,1
px.ads.linkedin.com,16
uip.semasio.net,4
currency.prebid.org,3
image6.pubmatic.com,19
gu.dyntrk.com,7
cdntrf.com,4
zem.outbrainimg.com,2
pixel.onaudience.com,12
aax.amazon-adsystem.com,3
stags.bluekai.com,9
de-gmtdmp.mookie1.com,4
htlb.casalemedia.com,21
s.ad.smaato.net,9
fastlane.rubiconproject.com,13
googleads4.g.doubleclick.net,19
s2.2mdn.net,1
tr.outbrain.com,10
amplify.outbrain.com,11
match.justpremium.com,3
hbopenbid.pubmatic.com,20
amazon-tam-match.dotomi.com,3
image2.pubmatic.com,9
traffective-d.openx.net,3
cdn.justpremium.com,3
datawrapper.dwcdn.net,3
pm.w55c.net,8
cdn.opencmp.net,5
contributor.google.com,1
b1-eudc1.zemanta.com,1
d.adup-tech.com,3
cdn.jsdelivr.net,16
idcdn.de,3
widgets.zemanta.com,2
cl.k5a.io,6
s8t.teads.tv,3
de.ads.justpremium.com,3
match.prod.bidr.io,13
data-f1e447fbcf.fr.de,1
d2wu036mkcz52n.cloudfront.net,5
cdn.pushwoosh.com,2
secure.cdn.fastclick.net,3
bh.contextweb.com,6
stas.outbrain.com,1
idat.production.ippen.space,3
a.teads.tv,5
widgets.outbrain.com,5
d5p.de17a.com,10
fra1-ib.adnxs.com,2
static.dwcdn.net,3
ap.lijit.com,8
s0.2mdn.net,21
dt3eds1k4pgdp.cloudfront.net,3
tracking.justpremium.com,3
a0971a86.de.ioam.de,1
ads.avct.cloud,5
b1t-eudc1.zemanta.com,1
stats.datawrapper.de,3
fundingchoicesmessages.google.com,1
image4.pubmatic.com,10
www.fr.de,1
um.simpli.fi,11
b1h-euc1.zemanta.com,3
cdn.mookie1.com,3
at.teads.tv,3
cdn.adnxs.com,3
token.rubiconproject.com,10
vmrz0088.vm.rub.de,1
usermatch.krxd.net,1
shop.mercedes-benz.com,1
api.oneweb.mercedes-benz.com,1
d3dc1lgancj6l0.cloudfront.net,1
aggregator.service.usercentrics.eu,15
wpp.krxd.net,1
scripts.psyma.com,2
userlike-cdn-widgets.s3-eu-west-1.amazonaws.com,2
mboxedge37.tt.omtrdc.net,1
10115610.fls.doubleclick.net,1
api.userlike.com,1
s.go-mpulse.net,4
daimlerde.tt.omtrdc.net,1
cdn.krxd.net,1
consumer.krxd.net,1
assets.oneweb.mercedes-benz.com,1
beacon.krxd.net,2
test.api.oneweb.mercedes-benz.com,1
i18n.oneweb.mercedes-benz.com,1
assets.adobedtm.com,11
e-services.mercedes-benz.com,1
fast.fonts.net,2
cdn1.readspeaker.com,1
rtt.bf-tools.net,3
tt.onthe.io,1
dsum.casalemedia.com,5
c8c3489e-f329-40e8-bcfc-1f852e512b01.prmutv.co,2
3a8a2d74.de.ioam.de,1
cdn.onthe.io,1
a.bf-tools.net,3
a.bf-ad.net,3
adstax-match.adrtx.net,7
95b203cd286c09d18bbf470c03a4e80d.safeframe.googlesyndication.com,1
recommender.scarabresearch.com,3
sonata-notifications.taptapnetworks.com,1
ssbsync.smartadserver.com,6
cm.adsafety.net,5
placement.gb-next.ch,3
widgets.tracdelight.io,1
sync.taboola.com,7
scripts.tracdelight.io,1
cdn.scarabresearch.com,3
events.tracdelight.io,1
image8.pubmatic.com,10
idsync.rlcdn.com,4
ads.avads.net,1
sync.sharethis.com,1
p.rfihub.com,9
cdn.adrtx.net,7
match.adfarm1.adition.com,1
ws.rqtrk.eu,4
acdn.adnxs-simple.com,3
api.permutive.com,4
s3.eu-central-1.amazonaws.com,3
prg.smartadserver.com,9
api.cleverpush.com,2
se.semasio.net,2
r.scoota.co,1
vc.hotjar.io,3
sync-tm.everesttech.net,9
ad4m.at,10
images.tracdelight.io,1
ads.smartstream.tv,2
counts.yieldlab.net,1
static.cleverpush.com,12
images.bstatic.de,1
cdn.permutive.com,6
web-vitals.bfops.io,2
cdn.brandmetrics.com,4
ad.sxp.smartclip.net,2
api.scrivito.com,1
cdn0.scrvt.com,1
33476.global.siteimproveanalytics.io,1
de.hpage.com,1
cat.nl.eu.criteo.com,1
ads.eu.criteo.com,1
rtb.fr.eu.criteo.com,1
pix.eu.criteo.net,1
partner.googleadservices.com,5
csm.eu.criteo.net,1
cdnjs.cloudflare.com,15
www.gstatic.com,19
aldinord.tt.omtrdc.net,1
10132436.fls.doubleclick.net,1
aldinord.sc.omtrdc.net,1
component.prod.an-cms.com,1
hit.uptrendsdata.com,1
10345762.fls.doubleclick.net,1
ai.trk42.net,2
pagead2.goodsyndication.de,1
player.3qsdn.com,1
signals.aimtell.com,1
playout.3qsdn.com,2
www.noz-cdn.de,1
103f76a7061a6163edd3b6333299ebdd.safeframe.googlesyndication.com,1
sdn-global-prog-cache.3qsdn.com,1
browser-update.org,1
msodigital-d.openx.net,1
cdn.aimtell.com,1
images.noz-mhn.de,1
cdns.yieldscale.com,2
mab.chartbeat.com,6
static.chartbeat.com,7
ping.chartbeat.net,7
cdn.privacy-mgmt.com,16
856fa840.de.ioam.de,1
nexxtv-events.servicebus.windows.net,1
a.delivery.consentmanager.net,3
www.youtube.com,3
www.pharmatechnik.de,1
s3-eu-west-1.amazonaws.com,3
maps.googleapis.com,1
p.typekit.net,3
th-koeln.de,1
static.etracker.com,5
www.th-koeln.de,1
code.etracker.com,8
use.typekit.net,3
www.etracker.de,7
consent.cookiebot.com,11
consentcdn.cookiebot.com,11
storage.kameleoon.com,1
eu-api-tracker.kameleoon.eu,4
recommendations.lidl-shop.com,1
z9q9kj37oy.kameleoon.eu,1
tag.aticdn.net,3
5a38763d.de.ioam.de,1
logs1409.xiti.com,2
assets.deutschlandfunk.de,1
www.siemens.com,1
t.co,4
sts.eu-west-1.amazonaws.com,1
client.rum.us-east-1.amazonaws.com,1
assets.new.siemens.com,1
geolocation.onetrust.com,6
static.ads-twitter.com,4
cognito-identity.eu-west-1.amazonaws.com,1
api.dc.siemens.com,1
new.siemens.com,1
privacyportal-eu.onetrust.com,5
o1.ingest.sentry.siemens-web.com,1
analytics.twitter.com,4
w3.siemens.com,1
prod.ste.dc.siemens.com,1
dataplane.rum.eu-west-1.amazonaws.com,1
snap.licdn.com,9
www.linkedin.com,6
cdn.lightwidget.com,1
cdn1-s-ha-e15.mdhcdn.com,1
cdn1-s-ha-e17t.mdhcdn.com,1
region1.google-analytics.com,18
atlas.atsptp.com,1
cdn1-l-ha-e11.mdhcdn.com,1
sync_events.atsptp.com,1
hw-cdn2.adtng.com,1
sync.atsptp.com,1
cdn1-s-ha-e18.mdhcdn.com,1
d2528hoa8g0iaj.cloudfront.net,2
cockpit.symplr.de,1
zen.burdahome.de,1
content.cptrack.de,2
assets.pinterest.com,1
ajax.googleapis.com,10
www.wilhelm-tel.de,1
va.wilhelm-tel.de,1
6148650.global.siteimproveanalytics.io,1
cdn1.adoberesources.net,1
aggregator.eu.usercentrics.eu,1
adobedc.demdex.net,1
static2.o9.de,1
api-v4.trbo.com,1
static.o9.de,1
8341669.fls.doubleclick.net,1
rns.matelso.de,1
app.eu.usercentrics.eu,1
region1.analytics.google.com,8
o2-music-cms-a.preprod.ava-digi.de,1
api.eu.usercentrics.eu,1
nebula-cdn.kampyle.com,1
config.eu.usercentrics.eu,1
static-v2.trbo.com,1
rns2.matelso.de,1
library.telefonica.de,1
static.trbo.com,1
cloud.typenetwork.com,1
www.goethe-university-frankfurt.de,1
d.delivery.consentmanager.net,1
jobstimme.regio-power.de,1
apis.google.com,2
piwik.itzbund.de,1
js.hs-scripts.com,3
js.hs-banner.com,3
forms.hsforms.com,1
js.hscollectedforms.net,1
api.hubspot.com,1
api-na1.hubspot.com,1
track.hubspot.com,3
avatars.hubspot.net,1
forms.hubspot.com,2
js.hs-analytics.net,3
js.hsforms.net,1
api.hubapi.com,3
js.usemessages.com,1
js.hsadspixel.net,3
static.hsappstatic.net,1
usage.trackjs.com,1
in.requestmetrics.com,1
cdn.trackjs.com,1
secure-fra.livechatinc.com,1
accounts.livechatinc.com,1
www.rvty.net,1
api-fra.livechatinc.com,1
api.livechatinc.com,1
brain.rvty.net,1
cdn.requestmetrics.com,1
cdn.livechatinc.com,1
www.dsi.net,1
perf.hsforms.com,1
685080.fs1.hubspotusercontent-na1.net,1
11023770.fls.doubleclick.net,1
sp.analytics.yahoo.com,4
cm.creativecdn.com,3
amplifypixel.outbrain.com,1
trc-events.taboola.com,5
api.omappapi.com,1
media.twiliocdn.com,1
t.adcell.com,2
js.hsleadflows.net,1
no-cache.hubspot.com,1
s.yimg.com,4
fledge-eu.creativecdn.com,3
app.hubspot.com,1
s.d.adup-tech.com,2
cta-service-cms2.hubspot.com,1
cdn2.hubspot.net,1
creativecdn.com,6
2859364.fs1.hubspotusercontent-na1.net,1
code.jquery.com,3
t.d.adup-tech.com,1
maxcdn.bootstrapcdn.com,2
a.omappapi.com,1
cdn.taboola.com,9
analytics.tiktok.com,5
trc.taboola.com,13
www.oberberg.net,1
secure-eu.nmrodam.com,2
9860003.fls.doubleclick.net,1
j.adlooxtracking.com,1
loadus.exelator.com,4
px.moatads.com,3
z.moatads.com,3
loadm.exelator.com,5
s79.research.de.com,1
b32.s79.research.de.com,1
data00.adlooxtracking.com,1
sync.search.spotxchange.com,3
hit-pool.upscore.com,1
ad4.adfarm1.adition.com,1
images.intellitxt.com,1
517e704d.de.ioam.de,1
y4fh9izdrach2ablux5kqagdpkhi41657285571.nuid.nmrodam.com,1
5d6d3b9c5b876c054772cf02f970a455.safeframe.googlesyndication.com,1
stat.meetrics.net,6
ads.creative-serving.com,8
cdn-gl.nmrodam.com,2
positions.upscore.com,1
files.upscore.com,1
gdpr-tcfv2.sp-prod.net,3
spl.zeotap.com,3
www.static.tu.berlin,1
www.tu.berlin,1
protected-by.clarium.io,4
api.yieldlove-ad-serving.net,5
ats.otto.de,3
farm-de.plista.com,1
js.adscale.de,6
prod-ingestion.tracking.v2.yieldlove-ad-serving.net,5
ice.360yield.com,6
5b5fa25d5e93dafbc65d8fc8e0e4f8bf.safeframe.googlesyndication.com,1
pixel.mathtag.com,9
c2.taboola.com,2
cdn-a.yieldlove.com,4
cms.analytics.yahoo.com,10
audex.userreport.com,5
ws3.rqtrk.eu,6
storage.googleapis.com,10
tracking.m6r.eu,6
track.adform.net,17
f372fcb2.de.ioam.de,1
cdn.stroeerdigitalgroup.de,3
sak.userreport.com,6
widget.perfectmarket.com,3
pdw-usr.userreport.com,5
secureir.ebaystatic.com,1
c.nativendo.de,6
www.ebayadservices.com,1
ssum.casalemedia.com,6
tagm.tchibo.de,1
code.freent.de,1
hb.adscale.de,5
sync.smartadserver.com,7
metrics.nt.vc,1
cdn.stroeerdigitalmedia.de,2
1e42351421bb5591e3e3e19b6e09f669.safeframe.googlesyndication.com,1
s1.adform.net,6
visitanalytics.userreport.com,6
cdn.revjet.com,3
vidapi1.threepi.de,5
tag.userreport.com,6
adx.adform.net,7
t.nativendo.de,4
tracking-a.dsp.m6r.eu,6
s400.mxcdn.net,5
secure.insightexpressai.com,1
nr-events.taboola.com,2
nugmw.userreport.com,5
d.nativendo.de,6
lb90.s400.meetrics.net,1
n.nativendo.de,5
scdn.cxense.com,1
cse.google.com,3
www.telekom.de,1
t23.intelliad.de,2
s2.adform.net,6
gwe-dmz-cc.telekom.de,1
js.adsrvr.org,5
ebs02.telekom.de,1
fbc.wcfbc.net,4
widgets.trustedshops.com,5
ebs10.telekom.de,1
a1.adform.net,1
pix.telekom.de,1
events.contiamo.com,1
61e8c7ca.de.ioam.de,1
tags-eu.tiqcdn.com,1
ebs01.telekom.de,1
t13.intelliad.de,2
tag.contiamo.com,1
cdn.mateti.net,3
insight.adsrvr.org,5
uss.xplosion.de,5
responder.wt-safetag.com,6
dcinfos-cache.abtasty.com,1
ariane.abtasty.com,1
try.abtasty.com,1
www1.wdr.de,1
kinder.wdr.de,1
www.wdr.de,1
3401e7a3.de.ioam.de,1
www.basecamp.digital,1
cdn.muenchen-p.de,1
mc.yandex.com,1
first-colo.net,1
collect.data.diva-e.com,1
mc.yandex.ru,1
lehreronline.adspirit.de,1
cdn.adspirit.de,1
osmcal.org,1
www.econda-monitor.de,2
privacyportal-de.onetrust.com,4
cdn.cookielaw.org,7
sessions.bugsnag.com,1
cdn.segment.com,1
b.tiles-api.maps.komoot.net,1
a.tiles-api.maps.komoot.net,1
js-agent.newrelic.com,2
account.komoot.com,1
www.googleoptimize.com,3
tiles-api.maps.komoot.net,1
bam.nr-data.net,3
c.tiles-api.maps.komoot.net,1
d2exd72xrrp1s7.cloudfront.net,1
dmp.adform.net,3
dc4b88a16e119543079e0c4564063e56.safeframe.googlesyndication.com,1
tlx.3lift.com,8
pp.lp4.io,2
d.turn.com,5
iqdigital.demdex.net,3
ps.eyeota.net,7
cm.everesttech.net,3
dx6ctphzljkf1.cloudfront.net,3
iqdigitalmediamarketinggmbh.sc.omtrdc.net,3
493a2874.de.ioam.de,1
p.yieldlab.net,2
www.dianomi.com,1
d16z38s472vlz5.cloudfront.net,3
uf.noclef.com,1
asmscript.xyz,1
load77.exelator.com,1
server.seadform.net,1
opt.kuponacdn.de,1
uipglob.semasio.net,5
mwzeom.zeotap.com,5
maytrics.marvellousmachine.net,1
ad.ad-srv.net,3
d31bfnnwekbny6.cloudfront.net,1
tm.ad-srv.net,1
redirect.frontend.weborama.fr,1
sync.1dmp.io,1
pixel.bsmartdata.com,2
tm701.ad-srv.net,1
id5-sync.com,12
a.audrte.com,4
5722223.fls.doubleclick.net,1
tags.bluekai.com,1
aa.agkn.com,1
mastertag.kpcustomer.de,1
global.ib-ibi.com,1
containertags.belboon.de,1
loada.exelator.com,10
pixel.tapad.com,2
sync.crwdcntrl.net,6
tr.fatmedia.io,1
api.adrtx.net,1
ad13.adfarm1.adition.com,1
pdw-adf.userreport.com,1
sync.teads.tv,7
e1.emxdgt.com,1
match.contentexchange.me,1
eu-api-visit.kameleoon.eu,4
cdn.epoq.de,1
images.internetstores.de,1
www.everestjs.net,1
7b6mxsc7o7.kameleoon.eu,1
rs.epoq.de,1
istor01.webtrekk.net,1
fahrrad-de.arc.epoq.de,1
survey.survicate.com,1
e.cquotient.com,1
respondent.survicate.com,1
surveys-static.survicate.com,1
cdn.cquotient.com,2
ad.71i.de,1
time.akamai.com,1
datalayer.p7s1.io,1
eve.p7s1.io,1
cmp.p7s1.io,1
cdn.zomap.de,1
de-config.sensic.net,5
c.go-mpulse.net,4
s.p7s1.io,1
player.glomex.com,3
magellan-api.p7s1.io,1
cdn.optimizely.com,5
adserver.71i.de,1
dynamic.criteo.com,2
buy.tinypass.com,2
api.cxense.com,1
_.rocks,1
dmx.districtm.io,3
cdn.ampproject.org,6
player.podigee-cdn.net,2
portal.o2online.de,2
fca-podcast.podigee.io,1
content-thumbnail.cxpublic.com,1
cdn-de.f11-ads.com,1
a2a63d89ce4719df8a7932c914d40b1a.safeframe.googlesyndication.com,1
experience.tinypass.com,2
p1cluster.cxense.com,3
api.smartocto.com,1
lb56.s400.meetrics.net,1
api-v3.tinypass.com,2
yieldlove-d.openx.net,3
templates.stroeerdigital.de,2
cdn.cxense.com,3
cdn.tinypass.com,2
tentacles.smartocto.com,1
de.f11-ads.com,1
c2.piano.io,2
static-eu.cleverpush.com,2
dt.adsafeprotected.com,6
static.wlct-one.de,1
id.rlcdn.com,10
6c42d21c.de.ioam.de,1
ad1.adfarm1.adition.com,1
id.cxense.com,3
comcluster.cxense.com,3
ingestion.smartocto.com,1
images.podigee-cdn.net,2
cdn.nativendo.de,2
cdn.podigee.com,2
secure.quantserve.com,4
rules.quantcount.com,4
dk8xdfmib9tp9.cloudfront.net,1
bc.brytes.de,1
ecdn.novomind.com,1
in.hotjar.com,2
api.brytes.de,1
clients1.google.com,2
a95e96c33a64483ffc04c7cf441eafbe.safeframe.googlesyndication.com,1
synchrobox.adswizz.com,1
3a531e0213d5bbe199f15cb5eb779d48.safeframe.googlesyndication.com,1
quantyoo.de,1
33419f0d1ccf7527ea6eea951f3e3305.safeframe.googlesyndication.com,1
2a0ea6a6d52032f24aff9e6e6635a24c.safeframe.googlesyndication.com,1
d2fd98194fe9ee24b0f56c7e48c625e8.safeframe.googlesyndication.com,1
static.weekli.systems,1
schwarzwaelder-bote.weekli.de,1
simage4.pubmatic.com,7
native.adscale.de,1
ssp-sync.criteo.com,1
tagrpd.de,1
t.pubmatic.com,1
api-eu.cleverpush.com,1
bbnaut.ibillboard.com,1
bcp.crwdcntrl.net,2
powa-ingest-prod-us-east-1.video-player.arcpublishing.com,1
aorta.clickagy.com,4
static.rndtech.de,1
haz.weekli.de,1
pixel-us-east.rubiconproject.com,3
tpsc-frc.doubleverify.com,1
6d1c48ab.de.ioam.de,1
static-nt.weekli.systems,3
api.oneplatform.rndtech.de,1
d292syca71gp6a.cloudfront.net,1
ce.lijit.com,6
branding.jifo.co,1
buy-eu.piano.io,2
atlas.jifo.co,1
account.rnd.de,1
e.infogram.com,1
cdn.jifo.co,1
54b6574e5f7d9348175d2aca7b3d851c.safeframe.googlesyndication.com,1
c2-eu.piano.io,2
madsack-prod-cdn.video-api.arcpublishing.com,1
images.jifo.co,1
s.infogram.com,1
mst.rnd.de,1
privacy-proxy.usercentrics.eu,5
goetheinstitut01.webtrekk.net,1
b.delivery.consentmanager.net,2
ea0987cd70750d21e1b17846fecec5e8.safeframe.googlesyndication.com,1
services.brid.tv,1
cdn.pbstck.com,4
p.brid.tv,1
pubads.g.doubleclick.net,1
83e7f1cdab8d09a16c4d9030e3ed0c74.safeframe.googlesyndication.com,1
imasdk.googleapis.com,3
signal-beacon.s-onetag.com,4
stats-dev.brid.tv,1
signal-segments.s-onetag.com,4
bb022166cf36f6a9b6fa88c14c17ea92.safeframe.googlesyndication.com,1
get.s-onetag.com,4
script.4dex.io,1
intake.pbstck.com,4
b3dfb75a871475bc872d6dcd211a3d05.safeframe.googlesyndication.com,1
03dbe515ea93551fb976249e43014c3c.safeframe.googlesyndication.com,1
vfd2dyn.vodafone.de,3
31db67fbaae1e62267b59b6fc5b311c5.safeframe.googlesyndication.com,1
dfp-gateway.s-onetag.com,3
boot.pbstck.com,4
onetag-geo.s-onetag.com,4
creatives.sascdn.com,1
ced.sascdn.com,2
ced-ns.sascdn.com,1
www3.smartadserver.com,1
stats.tu-bs.de,1
21ffa777.de.ioam.de,1
b46.s400.meetrics.net,1
www.storygize.net,1
usersync.getpublica.com,1
sasinator.realestate.com.au,1
trx.adscale.de,1
js.stroeermediabrands.de,2
lb1.s400.meetrics.net,1
cm.adgrx.com,6
dsp.active-agent.com,1
us.creativecdn.com,1
73a988d5a0b7098c8d45172ae37ee234.safeframe.googlesyndication.com,1
sync.ipredictive.com,1
files.giga-video.de,1
lux.speedcurve.com,1
dspcluster.adfarm1.adition.com,1
cdn.speedcurve.com,2
ib.3lift.com,1
loadeu.exelator.com,1
a.sportradarserving.com,2
d.adroll.com,3
app.trustami.com,1
api.orginfo.io,1
static.orginfo.io,1
cdn.trustami.com,1
sdk.fra-01.braze.eu,1
use.fontawesome.com,1
siegel.ausgezeichnet.org,1
retrack-kupona.kuponacdn.de,1
stats-bq.stylight.net,1
www.usemaxserver.de,2
staticcloud.linkfire.com,1
bf61191dio.bf.dynatrace.com,1
ad11.adfarm1.adition.com,3
st.dynamicyield.com,1
api.bounce-commerce.de,1
as.ad4m.at,4
r.adserver01.de,3
hal9000.redintelligence.net,2
cdn.dynamicyield.com,1
js-cdn.dynatrace.com,2
p.cquotient.com,1
async-px.dynamicyield.com,1
rcom.dynamicyield.com,1
r.mateti.net,1
wm.wiredminds.de,1
lensingmedia.blob.core.windows.net,1
consentmanager.mgr.consensu.org,4
backoffice.transmatico.com,1
trmcdn.eu,1
collector.rn.de,1
www.trustedshops.com,2
sync.1rx.io,5
cdn.congstar-congo.aoe-aws.com,1
media1.congstar-media.de,1
cdn.conversationalsdevelopment.nl,1
udc-neb.kampyle.com,1
media2.congstar-media.de,1
prf.audiencemanager.de,1
script.crazyegg.com,2
pix.hyj.mobi,1
resources.digital-cloud.medallia.eu,1
www.audiencemanager.de,1
congstar-congstar.digitalcx.com,1
4395928.fls.doubleclick.net,1
usu.congstar.net,1
s.pubmine.com,1
3xpgeyj8p0.kameleoon.eu,1
sync.targeting.unrulymedia.com,4
d35ojb8dweouoy.cloudfront.net,1
02179916.akstat.io,1
img.youtube.com,1
services.crosssell.info,1
hello.myfonts.net,1
www.smartadserver.com,1
l.ecn-ldr.de,1
rum-collector-2.pingdom.net,1
rum-static.pingdom.net,1
logs1408.xiti.com,1
usersync.gumgum.com,2
102d0f33.de.ioam.de,1
rtb.mfadsrvr.com,5
pixel-sync.sitescout.com,4
experience-eu.piano.io,1
sync.srv.stackadapt.com,4
www.e-pages.dk,1
ade.googlesyndication.com,2
rumcdn.geoedge.be,1
dsp.nrich.ai,1
mp.4dex.io,1
fw.adsafeprotected.com,3
gw.geoedge.be,1
csi.gstatic.com,3
data.adsrvr.org,4
px.owneriq.net,3
gcdn.2mdn.net,1
pixel-eu.rubiconproject.com,3
5d5d89818c88d72c26dfc0db24ef3a71.safeframe.googlesyndication.com,1
id.crwdcntrl.net,3
code.piano.io,1
skydeutschland.demdex.net,2
r3---sn-4g5edn6k.c.2mdn.net,1
bid.g.doubleclick.net,3
www.iphh.net,1
www.awin1.com,1
edge-mcdn.secure.yahoo.com,1
csp.yahoo.com,1
prod-rtb.ad4mat.net,1
tag.idsync.analytics.yahoo.com,1
creative.mlsat02.de,1
aaa.artefact.com,1
tkdynba.millemedia.de,1
www.yahoo.com,1
guce.yahoo.com,1
5f470077111d954c206c4383a99454e9.safeframe.googlesyndication.com,1
d1513e28a74d71a2139deff0a58f0565.safeframe.googlesyndication.com,1
onevideosync.uplynk.com,1
aka-cdn.adtech.de,1
22.at.atwola.com,1
static-de.ad4mat.net,1
cdn.js7k.com,1
udc.yahoo.com,1
de.yahoo.com,1
consent.yahoo.com,1
geo.yahoo.com,1
ed232a28a3eb3c02353596319a0a94bd.safeframe.googlesyndication.com,1
sb.scorecardresearch.com,1
tracking.mlsat02.de,1
tkads.millemedia.de,1
ebs08.telekom.de,1
service.idsync.analytics.yahoo.com,1
opus.analytics.yahoo.com,1
casale-match.dotomi.com,1
adserver.adtech.de,1
eu-central-1-web-oao.ssp.yahoo.com,1
ams.creativecdn.com,1
tags.w55c.net,1
eu.qualtrics.com,1
clk.hitrackthat.com,1
logging.cmp-resources.link,1
o120960.ingest.sentry.io,1
nova.collect.igodigital.com,1
static-assets.qualtrics.com,1
7275979.collect.igodigital.com,1
siteintercept.qualtrics.com,3
cdn.idealo.com,1
znelqjnmge0lswgir-idealo.siteintercept.qualtrics.com,1
static-eu.payments-amazon.com,1
euc-widget.freshworks.com,1
ts-logo-hubspot.s3.eu-central-1.amazonaws.com,1
cdn.findologic.com,1
leto-personal-prod.samp.ext.zooplus.io,1
personalization-gdpr.samp.ext.zooplus.io,1
uxt-discount-banner-prod.shpp.ext.zooplus.io,1
uxt-brand-carousel-prod.shpp.ext.zooplus.io,1
uxt-cf-images.mediazs.com,1
uxt-middle-banner-prod.shpp.ext.zooplus.io,1
uxt-promotional-carousel-prod.shpp.ext.zooplus.io,1
shop-common-cdn-prod.mediazs.com,1
uxt-seo-accordion-prod.mediazs.com,1
uxt-side-banner-prod.shpp.ext.zooplus.io,1
recommendation-api.prod.zooplus.net,1
www.hlserve.com,1
uxt-components-dev.shpd.mediazs.com,1
personalization-cohort.samp.ext.zooplus.io,1
zooplus.tt.omtrdc.net,1
uxt-components-prod.mediazs.com,1
uxt-components-prod.shpp.ext.zooplus.io,1
polyfill.io,5
uxt-magazine-teaser-prod.shpp.ext.zooplus.io,1
uxt-background-banner-prod.shpp.ext.zooplus.io,1
searchen-hopps-prod.samp.ext.zooplus.io,1
uxt-special-teaser-prod.shpp.ext.zooplus.io,1
uxt-banner-carousel-prod.shpp.ext.zooplus.io,1
uxt-supplier-financed-middle-banner-prod.shpp.ext.zooplus.io,1
shop-public-cdn.mediazs.com,1
shop-adtm-assets.shpp.ext.zooplus.io,1
f1-eu.readspeaker.com,2
player-integration.mes.glomex.cloud,2
www.24garten.de,2
www.landtiere.de,2
images-eu.ssl-images-amazon.com,1
65bdc9346e3f7e81f601e904381c914e.safeframe.googlesyndication.com,1
funke-d.openx.net,1
prod.uidapi.com,1
ads.rubiconproject.com,1
sync.adotmob.com,2
ats.rlcdn.com,3
id.sharedid.org,1
encrypted-tbn2.gstatic.com,3
oajs.openx.net,1
cdn.id5-sync.com,3
front.video.funke.press,1
libs.outbrain.com,1
videoclientsservicescalls.outbrain.com,1
aan.amazon.de,1
mcdp-nydc1.outbrain.com,2
images.outbrainimg.com,2
oa.openxcdn.net,1
trx-hub.com,1
visitor.fiftyt.com,3
aud.pubmatic.com,3
sync.go.sonobi.com,1
encrypted-tbn1.gstatic.com,2
b1h.zemanta.com,1
pool.admedo.com,3
f23f026d-af06-45a2-8d42-9222f4656195.prmutv.co,1
cdn-magiclinks.trackonomics.net,1
f23f026d-af06-45a2-8d42-9222f4656195.edge.permutive.app,1
widget-pixels.outbrain.com,3
encrypted-tbn3.gstatic.com,3
api.rlcdn.com,3
google-bidout-d.openx.net,1
m.media-amazon.com,1
cm.smadex.com,4
geo.privacymanager.io,3
prebid-a.rubiconproject.com,1
43f807c0.de.ioam.de,1
pubmatic-match.dotomi.com,3
prebid-server.rubiconproject.com,1
tags.crwdcntrl.net,1
odb.outbrain.com,2
hvs.wortundbildverlag.de,1
ad2.adfarm1.adition.com,2
media.wub-service.de,1
d81ec942.de.ioam.de,1
lb40.s400.meetrics.net,1
aqqkowuysp.cloudimg.io,1
9a4774f4c328e1777669db9740f117da.safeframe.googlesyndication.com,1
dpcomepost.tt.omtrdc.net,1
depst-mara-prod1-decisionhub.pegacloud.net,1
web-analytics.uni-muenchen.de,1
1a5d87d8900312e7b7d38f5a8d668b4c01c3bfef8d2b755f7df75ea9.trk.sensic.net,1
player.h-cdn.com,1
cdn.bunchbox.co,2
zagent29.h-cdn.com,1
perr.h-cdn.com,1
5ec79eb5.de.ioam.de,1
logs1413.xiti.com,2
pixel.condenastdigital.com,2
cdn.permutive.app,2
googlesync.permutive.com,2
4d.condenastdigital.com,2
mb.moatads.com,2
cbeeaad36e8b5edca6ad78289737bc58.safeframe.googlesyndication.com,1
cache-ssl.celtra.com,1
infinityid.condenastdigital.com,2
eu01.in.treasuredata.com,2
d3acba9f.de.ioam.de,1
cdn.treasuredata.com,2
cdn.parsely.com,2
in.treasuredata.com,2
bd1cec50-00d1-4ce9-9572-785857419a1e.prmutv.co,2
capture.condenastdigital.com,2
p1.parsely.com,2
ssl.hurra.com,1
track.celtra.com,1
ads.celtra.com,1
pixel.moatads.com,1
iqdigital-ams.gscontxt.net,2
75a776af.de.ioam.de,1
2abadd3a58d1ab33fc2d75e6c4ae35d9.safeframe.googlesyndication.com,1
static1.bmbfcluster.de,1
matomo02.itzbund.de,1
webchannel-content.eservice.emarsys.net,1
static.scarabresearch.com,1
cdn.trustedshops.com,1
boell.containers.piwik.pro,1
u.heatmap.it,1
boell.piwik.pro,1
eu5.heatmap.it,1
cdn.s04.de,1
zn3rbqbel717pvo3i-schalke04.siteintercept.qualtrics.com,1
static.cloudflareinsights.com,1
firestore.googleapis.com,1
f.vimeocdn.com,1
i.vimeocdn.com,1
player.vimeo.com,1
www.hochschule-trier.de,1
accdn.lpsnmedia.net,1
pixels.omnitagjs.com,1
p1.zemanta.com,1
lptag.liveperson.net,1
img1.wsimg.com,1
paintbrush.heg-cp.com,1
js.leadinspector.de,1
fo-api.omnitagjs.com,1
4551005.fls.doubleclick.net,1
lo.v.liveperson.net,1
lpcdn.lpsnmedia.net,1
lh3.googleusercontent.com,1
data.ewe.de,1
www.ewe.de,1
cdn.sitesearch360.com,1
static.ewe.de,1
gs.wwa.wipe.de,1
ldsa.l-iw.de,1
static.l-iw.de,1
5nlvgyf91g.kameleoon.eu,1
wwa.wipe.de,1
gseiten.h5v.eu,1
uim.tifbs.net,1
assertcom.de,1
www.uni-jena.de,1
uni-jena.de,1
piwik.rz.uni-jena.de,1
dev.visualwebsiteoptimizer.com,1
www.shopvote.de,1
b529c657805fcbd8ee9b4aa483a0ec0edeb1bf321db140dfbddaf02d.trk.sensic.net,1
logs1406.xiti.com,2
www.tagesschau.de,1
60996119.de.ioam.de,1
www.tu-braunschweig.de,1
www.bundeskanzler.de,1
pixel.everesttech.net,1
ag.innovid.com,1
cms.quantserve.com,2
googlecm.hit.gemius.pl,1
e.dlx.addthis.com,2
at.bahn.de,1
rtb.openx.net,2
d.agkn.com,1
www.vodafone.de,1
engagement.adalliance.io,1
adfarm1.adition.com,1
cdn.adtriba.com,1
cookie-cdn.cookiepro.com,2
o.adtriba.com,1
collector-12159.tvsquared.com,1
a8443856239.cdn.optimizely.com,1
privacyportal.cookiepro.com,1
www.24vita.de,1
encrypted-tbn0.gstatic.com,1
48874b60.de.ioam.de,1
d74aebba2ce86b2eb4bdbd72bf7b7343.safeframe.googlesyndication.com,1
t.visx.net,2
bidswitch-eu.splicky.com,1
js.stripe.com,1
greenpeace-de.piwik.pro,1
endpoint-app.cognigy.ai,1
q.stripe.com,1
m.stripe.network,1
m.stripe.com,1
logs1279.xiti.com,1
d17bd662.de.ioam.de,1
content.zeotap.com,1
web-api.audi.com,1
dcs.audi.com,1
tms.audi.com,1
e0k754.acquire.io,1
assets.audi.com,1
5779200.fls.doubleclick.net,1
content.my.audi.com,1
featureapps.audi.com,1
mediaservice.audi.com,1
data-d5c733accc.infonline.de,1
www.infonline.de,1
quantcast.mgr.consensu.org,1
test.cmp.quantcast.com,1
www.theepochtimes.com,1
stackpath.bootstrapcdn.com,1
2dc05d8cb0a5365255d06d8fb90f1e87.safeframe.googlesyndication.com,1
cmp.quantcast.com,1
audit-tcfv2.cmp.quantcast.com,1
api.olark.com,1
nrpc.olark.com,1
log.olark.com,1
static.olark.com,1
cdn.ravenjs.com,1
analytics.init.de,1
www.bmw.com,1
emea-bmwmc.netmng.com,1
bmwag.d3.sc.omtrdc.net,1
c8d3a31d208afeff74ea0e5756b086d7.safeframe.googlesyndication.com,1
p11.techlab-cdn.com,1
s2.go-mpulse.net,1
players.brightcove.net,1
vjs.zencdn.net,1
skyde.inq.com,1
cf-images.eu-west-1.prod.boltdns.net,1
metrics.brightcove.com,1
static.skyassets.com,1
a2946781464.cdn.optimizely.com,1
media-eu2.digital.nuance.com,1
edge.api.brightcove.com,1
8570f4b3154e0be39cec0ce29836cbf755d873481a76056cca509fc0.trk.sensic.net,1
f94b7c66.de.ioam.de,1
ssl.zdf.de,1
9cfa604bb201517a06d1076f5e4241de5a72c4cc3efa0fc626046501.trk.sensic.net,1
4ff76a9afc8c18626a70c056ebf891d3cbf46e0864719ddfde0d9649.trk.sensic.net,1
fmw8mnslnaqs3gjkvmalbjvxrbyay1657285005.nuid.nmrodam.com,1
7a182ea5.de.ioam.de,1
lb41.s400.meetrics.net,1
32768f9d0cfee105f0e2d42d6d5dcf6e.safeframe.googlesyndication.com,1
a43c5c56.de.ioam.de,1
wt1.rqtrk.eu,1
tag.aumago.com,1
wt.rqtrk.eu,1
lib.selfcampaign.com,1
ma140-r.analytics.edgekey.net,1
www.ardalpha.de,1
tm.br.de,1
www.br-klassik.de,1
img.br.de,1
www.br.de,1
79423.analytics.edgekey.net,1
58f79fac.de.ioam.de,1
38998.global.siteimproveanalytics.io,1
www.fau.de,1
www.hosttest.de,2
assets.calendly.com,1
sc.lfeeder.com,1
46f7chxnjxpc.statuspage.io,1
tr.lfeeder.com,1
cache.pressmailing.net,1
da880915.de.ioam.de,1
www.newsaktuell.de,1
aldisued.demdex.net,1
bf51204epo.bf.dynatrace.com,1
aldisued.d3.sc.omtrdc.net,1
s.ytimg.com,1
s7g10.scene7.com,1
squarelovin.com,1
ad2.media01.eu,1
analytics.webgains.io,1
zp97jbfxnv.kameleoon.eu,1
smartsteuer-de.dcmn.com,1
sdk.dcmn.io,1
widget.netigate.se,1
widget-api.netigate.se,1
t.dcmn.io,1
cdn.appdynamics.com,1
i.pinimg.com,1
accounts.pinterest.com,1
accounts.google.com,1
static.xx.fbcdn.net,1
www.recaptcha.net,1
portal.kv-safenet.de,1
fidschi.leonex.de,1
master.dwebcms.db.com,1
www.deutsche-bank.de,1
pixel.bi.serviceplan.com,1
cdnwmii.e-i.com,1
tag.bi.serviceplan.com,1
supply.bi.serviceplan.com,1
ad3.adfarm1.adition.com,3
offer-go.com,1
api.realtimely.io,1
ua.realtimely.io,1
03c4325993837261a0980d5f15221725.safeframe.googlesyndication.com,1
clientcdn.pushengage.com,1
utopix.net,1
gdpr-wrapper.privacymanager.io,1
gdpr-web-dau-prod.privacymanager.io,1
gdpr.privacymanager.io,1
20d5af957903b7ef2db306604105dffb.safeframe.googlesyndication.com,1
fbd4d678.de.ioam.de,1
gdpr-web-logs-prod.privacymanager.io,1
pbs.atf-tagmanager.de,1
vendors.privacymanager.io,1
10498646.fls.doubleclick.net,1
cmp-consent-tool.privacymanager.io,1
cdn.atf-tagmanager.de,1
as-sec.casalemedia.com,2
metrics.atf-tagmanager.de,1
swp-static.s3.eu-central-1.amazonaws.com,1
cls.k5a.io,1
trmads.eu,2
ted.lr-digital.de,1
static.plenigo.com,1
db78418f.de.ioam.de,1
swp.weekli.de,1
mabping.chartbeat.net,1
bbfc5fc9.de.ioam.de,1
www.swrfernsehen.de,1
www.swr3.de,1
logs1241.xiti.com,1
www.kit.edu,1
static.scc.kit.edu,1
compliance-pack.carlsberggroup.com,1
cx-media-fe.live.cx-apps.io,1
api.live.carlsbergwebservices.com,1
cdn.matomo.cloud,1
client.crisp.chat,1
artfiles.matomo.cloud,1
stadtbremerhaven.digidip.net,1
a2285212cca7ed5aa9bc3fd25845b275.safeframe.googlesyndication.com,1
static.digidip.net,1
stadt-bremerhaven.de,1
i.imgur.com,1
e03b76e8bcf06f24bc3a6ab822a1b739a39e544db858f0e8f73a689d.trk.sensic.net,1
www.hessenschau.de,1
2cd549da.de.ioam.de,1
interhypprod-media.e-spirit.cloud,1
web-writer.eu.smartlook.cloud,1
q-eu1.az.contentsquare.net,1
znd0bxpltwyijto8m-interhyp.siteintercept.qualtrics.com,1
k-eu1.az.contentsquare.net,1
interhyp01.wt-eu02.net,1
c.az.contentsquare.net,1
assets-proxy.smartlook.cloud,1
rec.smartlook.com,1
manager.eu.smartlook.cloud,1
events-writer.smartlook.com,1
pba.aws.lijit.com,1
images.ctfassets.net,1
9553b220.de.ioam.de,1
79190bce0abe443fd680d4ebc2f44557.safeframe.googlesyndication.com,1
m.adup-tech.com,1
prebid.s-onetag.com,1
c.aaxads.com,1
api.wo-cloud.com,1
lb.eu-1-id5-sync.com,2
radar.wo-cloud.com,1
www.aaxdetect.com,1
l3.aaxads.com,1
tiles.wo-cloud.com,1
www.bmwk.de,1
piwik.bzga.de,1
play.google.com,1
srec.m-pathy.com,1
apps.mypurecloud.de,1
cdn.m-pathy.com,1
privacy.commander1.com,1
chart.consorsbank.is-teledata.com,1
privacy.trustcommander.net,1
ro-dyn-backend.bosch.com,1
btm.bosch.com,1
assets.bosch.com,1
static-assets.rp-online.de,1
adn.meinsol.de,1
saarbruecker-zeitung.weekli.de,1
sz-gruppe.cloud,1
am-trc-events.taboola.com,1
pips.taboola.com,1
cds.taboola.com,1
green.erne.co,1
matching.truffle.bid,1
fcd6042cbb53b00b855c03379b84cb1e.safeframe.googlesyndication.com,1
cr.frontend.weborama.fr,1
b9c67e24.de.ioam.de,1
ssbsync-global.smartadserver.com,1
a.tribalfusion.com,1
a1207.casalemedia.com,1
ads.playground.xyz,1
violations.h5v.eu,1
idsync.frontend.weborama.fr,1
yield.h5v.eu,1
prebid-server.h5v.eu,1
match.deepintent.com,1
core.iprom.net,1
news.h5v.eu,1
match.adsby.bidtheatre.com,1
www.helmholtz-munich.de,1
www.opteamax.eu,1
11868943.fls.doubleclick.net,1
static.zanox.com,1
5994599.fls.doubleclick.net,1
isp-cosimo.de,1
hgc-cf-cache-1.svonm.com,1
1a3e5d4be7bacf37decb308e34d2fae8.safeframe.googlesyndication.com,1
ads.betweendigital.com,1
cdn.delight-vr.com,1
5baf1288cf.dl8.me,1
s3.amazonaws.com,1
e8fe0c84.de.ioam.de,1
vteam.focus.de,1
ams3-ib.adnxs.com,1
cdn.tynt.com,1
ic.tynt.com,1
sc.tynt.com,1
de.tynt.com,1
cdn2.netclusive.de,1
widget.trustpilot.com,1
globalways.net,1
t.skimresources.com,1
s.skimresources.com,1
r.skimresources.com,1
ak.sail-horizon.com,1
cb656884.de.ioam.de,1
p.skimresources.com,1
90d0a6f54d87e64222f266322fa4e210.safeframe.googlesyndication.com,1
api.sail-personalize.com,1
partners.wfxtriggers.com,1
76319601.de.ioam.de,1
demographics.bf-sugarless-production.aws.bfops.io,1
a45332846f6c4fc44e31b9aa350b1055.safeframe.googlesyndication.com,1
d.adtriba.com,1
ssl.google-analytics.com,2
ccm.domainprovider.de,1
www.domainprovider.de,1
play.etracker.com,1
www.etracker.com,1
ads.urban-media.com,1
sentry.io,1
sync.showheroes.com,1
widgets.opinary.com,1
dergradmesser.podigee.io,1
syndication.twitter.com,1
fast-lane.podigee.io,1
event-acceptor-dot-production-eu-292711.ey.r.appspot.com,1
via.batch.com,1
cdn.syndication.twimg.com,1
cdn.opinary.com,1
bid.sxp.smartclip.net,1
code.createjs.com,1
ops.iqd-ao.de,1
berliner-und-pfannkuchen.podigee.io,1
platform.twitter.com,1
api.opinary.com,1
compass.pressekompass.net,1
af972908eb804094a43ca47c871a66c2.js.ubembed.com,1
midgard.pressekompass.net,1
bs.showheroes.com,1
st3-de.igstatic.com,1
fb484b99.de.ioam.de,1
assets.ubembed.com,1
st2-de.igstatic.com,1
ton.twimg.com,1
e3beacae5d05338c1d697dcbc5674b95.safeframe.googlesyndication.com,1
pbs.twimg.com,1
st1-de.igstatic.com,1
tatort-berlin.podigee.io,1
cmk.iqdigital.de,1
prod.smassets.net,1
cdn.smassets.net,1
privacyportal-uk.onetrust.com,1
1005.3cx.mk.de:5001,1
